"eduroam",5c:e8:83:36:6b:d3,[WPA2-EAP-CCMP][WPA-EAP-CCMP][ESS],5825 MHz,Channel 165,-48 dBm,CenterFreq0 0 MHz,CenterFreq1 0 MHz,ChannelWidth 20 MHz
"UTFPR-VISITANTE",5c:e8:83:36:6b:d2,[ESS],5825 MHz,Channel 165,-48 dBm,CenterFreq0 0 MHz,CenterFreq1 0 MHz,ChannelWidth 20 MHz
"UTFPR-SERVIDOR",5c:e8:83:36:6b:d0,[WPA2-EAP-CCMP][WPA-EAP-CCMP][ESS],5825 MHz,Channel 165,-48 dBm,CenterFreq0 0 MHz,CenterFreq1 0 MHz,ChannelWidth 20 MHz
"UTFPR-VISITANTE",5c:e8:83:36:6b:c2,[ESS],2437 MHz,Channel 6,-54 dBm,CenterFreq0 0 MHz,CenterFreq1 0 MHz,ChannelWidth 20 MHz
"eduroam",5c:e8:83:36:6b:c3,[WPA2-EAP-CCMP][WPA-EAP-CCMP][ESS],2437 MHz,Channel 6,-51 dBm,CenterFreq0 0 MHz,CenterFreq1 0 MHz,ChannelWidth 20 MHz
"UTFPR-SERVIDOR",5c:e8:83:36:6b:c0,[WPA2-EAP-CCMP][WPA-EAP-CCMP][ESS],2437 MHz,Channel 6,-51 dBm,CenterFreq0 0 MHz,CenterFreq1 0 MHz,ChannelWidth 20 MHz
"UTFPR-ALUNO",5c:e8:83:36:6b:d1,[WPA2-EAP-CCMP][WPA-EAP-CCMP][ESS],5825 MHz,Channel 165,-52 dBm,CenterFreq0 0 MHz,CenterFreq1 0 MHz,ChannelWidth 20 MHz
"",5c:e8:83:36:6b:d7,[WPA2-PSK-CCMP][ESS],5825 MHz,Channel 165,-55 dBm,CenterFreq0 0 MHz,CenterFreq1 0 MHz,ChannelWidth 20 MHz
"",00:03:7f:00:00:00,,5765 MHz,Channel 153,-84 dBm,CenterFreq0 0 MHz,CenterFreq1 0 MHz,ChannelWidth 20 MHz
"UTFPR-ALUNO",5c:e8:83:36:6b:c1,[WPA2-EAP-CCMP][WPA-EAP-CCMP][ESS],2437 MHz,Channel 6,-56 dBm,CenterFreq0 0 MHz,CenterFreq1 0 MHz,ChannelWidth 20 MHz
"",5c:e8:83:36:6b:c5,[WPA2-PSK-CCMP][ESS],2437 MHz,Channel 6,-56 dBm,CenterFreq0 0 MHz,CenterFreq1 0 MHz,ChannelWidth 20 MHz
"UTFPR-ALUNO",5c:e8:83:36:6f:01,[WPA2-EAP-CCMP][WPA-EAP-CCMP][ESS],2462 MHz,Channel 11,-62 dBm,CenterFreq0 0 MHz,CenterFreq1 0 MHz,ChannelWidth 20 MHz
"eduroam",5c:e8:83:36:6f:03,[WPA2-EAP-CCMP][WPA-EAP-CCMP][ESS],2462 MHz,Channel 11,-62 dBm,CenterFreq0 0 MHz,CenterFreq1 0 MHz,ChannelWidth 20 MHz
"UTFPR-VISITANTE",5c:e8:83:36:6f:02,[ESS],2462 MHz,Channel 11,-62 dBm,CenterFreq0 0 MHz,CenterFreq1 0 MHz,ChannelWidth 20 MHz
"UTFPR-ALUNO",5c:e8:83:36:9a:d1,[WPA2-EAP-CCMP][WPA-EAP-CCMP][ESS],5300 MHz,Channel 60,-65 dBm,CenterFreq0 0 MHz,CenterFreq1 0 MHz,ChannelWidth 20 MHz
"",5c:e8:83:36:6f:09,[WPA2-PSK-CCMP][ESS],2462 MHz,Channel 11,-64 dBm,CenterFreq0 0 MHz,CenterFreq1 0 MHz,ChannelWidth 20 MHz
"",5c:e8:83:36:6f:08,[WPA2-PSK-CCMP][ESS],2462 MHz,Channel 11,-63 dBm,CenterFreq0 0 MHz,CenterFreq1 0 MHz,ChannelWidth 20 MHz
"UTFPR-SERVIDOR",5c:e8:83:36:6f:00,[WPA2-EAP-CCMP][WPA-EAP-CCMP][ESS],2462 MHz,Channel 11,-62 dBm,CenterFreq0 0 MHz,CenterFreq1 0 MHz,ChannelWidth 20 MHz
"UTFPR-SERVIDOR",5c:e8:83:36:9a:d0,[WPA2-EAP-CCMP][WPA-EAP-CCMP][ESS],5300 MHz,Channel 60,-65 dBm,CenterFreq0 0 MHz,CenterFreq1 0 MHz,ChannelWidth 20 MHz
"UTFPR-VISITANTE",5c:e8:83:36:9a:d2,[ESS],5300 MHz,Channel 60,-65 dBm,CenterFreq0 0 MHz,CenterFreq1 0 MHz,ChannelWidth 20 MHz
"",5c:e8:83:36:9a:d7,[WPA2-PSK-CCMP][ESS],5300 MHz,Channel 60,-67 dBm,CenterFreq0 0 MHz,CenterFreq1 0 MHz,ChannelWidth 20 MHz
"eduroam",5c:e8:83:36:9a:d3,[WPA2-EAP-CCMP][WPA-EAP-CCMP][ESS],5300 MHz,Channel 60,-68 dBm,CenterFreq0 0 MHz,CenterFreq1 0 MHz,ChannelWidth 20 MHz
"",5c:e8:83:36:9a:d9,[WPA2-PSK-CCMP][ESS],5300 MHz,Channel 60,-66 dBm,CenterFreq0 0 MHz,CenterFreq1 0 MHz,ChannelWidth 20 MHz
"",ac:b3:b5:95:2c:25,[WPA2-PSK-CCMP][ESS],2412 MHz,Channel 1,-74 dBm,CenterFreq0 0 MHz,CenterFreq1 0 MHz,ChannelWidth 20 MHz
"eduroam",ac:b3:b5:95:2c:33,[WPA2-EAP-CCMP][WPA-EAP-CCMP][ESS],5220 MHz,Channel 44,-75 dBm,CenterFreq0 0 MHz,CenterFreq1 0 MHz,ChannelWidth 20 MHz
"UTFPR-VISITANTE",ac:b3:b5:95:2c:32,[ESS],5220 MHz,Channel 44,-75 dBm,CenterFreq0 0 MHz,CenterFreq1 0 MHz,ChannelWidth 20 MHz
"UTFPR-ALUNO",ac:b3:b5:95:2c:31,[WPA2-EAP-CCMP][WPA-EAP-CCMP][ESS],5220 MHz,Channel 44,-75 dBm,CenterFreq0 0 MHz,CenterFreq1 0 MHz,ChannelWidth 20 MHz
"UTFPR-SERVIDOR",ac:b3:b5:95:2c:30,[WPA2-EAP-CCMP][WPA-EAP-CCMP][ESS],5220 MHz,Channel 44,-75 dBm,CenterFreq0 0 MHz,CenterFreq1 0 MHz,ChannelWidth 20 MHz
"",ac:b3:b5:95:2a:88,[WPA2-PSK-CCMP][ESS],2412 MHz,Channel 1,-75 dBm,CenterFreq0 0 MHz,CenterFreq1 0 MHz,ChannelWidth 20 MHz
"UTFPR-VISITANTE",ac:b3:b5:95:31:12,[ESS],5320 MHz,Channel 64,-85 dBm,CenterFreq0 0 MHz,CenterFreq1 0 MHz,ChannelWidth 20 MHz
"",5c:e8:83:36:6f:19,[WPA2-PSK-CCMP][ESS],5765 MHz,Channel 153,-80 dBm,CenterFreq0 0 MHz,CenterFreq1 0 MHz,ChannelWidth 20 MHz
"",5c:e8:83:36:6e:e7,[WPA2-PSK-CCMP][ESS],2412 MHz,Channel 1,-80 dBm,CenterFreq0 0 MHz,CenterFreq1 0 MHz,ChannelWidth 20 MHz
"eduroam",ac:b3:b5:95:31:13,[WPA2-EAP-CCMP][WPA-EAP-CCMP][ESS],5320 MHz,Channel 64,-85 dBm,CenterFreq0 0 MHz,CenterFreq1 0 MHz,ChannelWidth 20 MHz
"",ac:b3:b5:95:2c:39,[WPA2-PSK-CCMP][ESS],5220 MHz,Channel 44,-81 dBm,CenterFreq0 0 MHz,CenterFreq1 0 MHz,ChannelWidth 20 MHz
"eduroam",5c:e8:83:36:6f:13,[WPA2-EAP-CCMP][WPA-EAP-CCMP][ESS],5765 MHz,Channel 153,-84 dBm,CenterFreq0 0 MHz,CenterFreq1 0 MHz,ChannelWidth 20 MHz
"UTFPR-VISITANTE",5c:e8:83:36:6f:12,[ESS],5765 MHz,Channel 153,-84 dBm,CenterFreq0 0 MHz,CenterFreq1 0 MHz,ChannelWidth 20 MHz
"UTFPR-ALUNO",5c:e8:83:36:6f:11,[WPA2-EAP-CCMP][WPA-EAP-CCMP][ESS],5765 MHz,Channel 153,-84 dBm,CenterFreq0 0 MHz,CenterFreq1 0 MHz,ChannelWidth 20 MHz
"UTFPR-SERVIDOR",ac:b3:b5:95:31:10,[WPA2-EAP-CCMP][WPA-EAP-CCMP][ESS],5320 MHz,Channel 64,-84 dBm,CenterFreq0 0 MHz,CenterFreq1 0 MHz,ChannelWidth 20 MHz
"UTFPR-ALUNO",ac:b3:b5:95:31:11,[WPA2-EAP-CCMP][WPA-EAP-CCMP][ESS],5320 MHz,Channel 64,-84 dBm,CenterFreq0 0 MHz,CenterFreq1 0 MHz,ChannelWidth 20 MHz
"UTFPR-SERVIDOR",ac:b3:b5:95:32:a0,[WPA2-EAP-CCMP][WPA-EAP-CCMP][ESS],2437 MHz,Channel 6,-84 dBm,CenterFreq0 0 MHz,CenterFreq1 0 MHz,ChannelWidth 20 MHz
"UTFPR-SERVIDOR",5c:e8:83:36:6f:10,[WPA2-EAP-CCMP][WPA-EAP-CCMP][ESS],5765 MHz,Channel 153,-85 dBm,CenterFreq0 0 MHz,CenterFreq1 0 MHz,ChannelWidth 20 MHz
"",ac:b3:b5:95:31:19,[WPA2-PSK-CCMP][ESS],5320 MHz,Channel 64,-86 dBm,CenterFreq0 0 MHz,CenterFreq1 0 MHz,ChannelWidth 20 MHz
"",ac:b3:b5:95:31:17,[WPA2-PSK-CCMP][ESS],5320 MHz,Channel 64,-86 dBm,CenterFreq0 0 MHz,CenterFreq1 0 MHz,ChannelWidth 20 MHz
"UTFPR-SERVIDOR",ac:b3:b5:95:32:b0,[WPA2-EAP-CCMP][WPA-EAP-CCMP][ESS],5180 MHz,Channel 36,-89 dBm,CenterFreq0 0 MHz,CenterFreq1 0 MHz,ChannelWidth 20 MHz
"",ac:b3:b5:95:32:b9,[WPA2-PSK-CCMP][ESS],5180 MHz,Channel 36,-90 dBm,CenterFreq0 0 MHz,CenterFreq1 0 MHz,ChannelWidth 20 MHz
